{"cameraMode":{"drawMode":0,"name":"Shaded","section":"Shading Mode"},"sceneLighting":false,"audioPlay":false,"sceneViewState":{"showFog":true,"showMaterialUpdate":false,"showSkybox":true,"showFlares":true,"showImageEffects":true,"showParticleSystems":true},"in2DMode":false,"pivot":{"x":0.2826535701751709,"y":1.3356921672821046,"z":-2.8106369972229006},"rotation":{"x":-0.26269039511680605,"y":-0.0008711416157893837,"z":0.00023717792646493763,"w":-0.9648797512054443},"size":28.215744018554689,"orthographic":false}