{"cameraMode":{"drawMode":0,"name":"Shaded","section":"Shading Mode"},"sceneLighting":true,"audioPlay":false,"sceneViewState":{"m_AlwaysRefresh":false,"showFog":true,"showSkybox":true,"showFlares":true,"showImageEffects":true,"showParticleSystems":true,"showVisualEffectGraphs":true,"m_FxEnabled":true},"in2DMode":false,"pivot":{"x":3.2670974731445314,"y":-11.122161865234375,"z":-24.45812225341797},"rotation":{"x":-0.14004488289356233,"y":0.8593438863754273,"z":-0.3296625018119812,"w":-0.36504489183425906},"size":58.187408447265628,"orthographic":false}